first_name,last_name,age,blood_group
Juliane,Doig,39,O-
Tami,Haldas,27,AB+
Stacey,Phaidra,53,A+
Catrina,Prober,71,A+
Dulcinea,Erlandson,36,B-
Carolina,Thar,78,AB-
Susan,Francene,67,A-
Allyce,Bord,21,A-
Peri,Bergman,63,AB-
Dione,Frendel,43,A+
Gianina,Regan,76,AB-
Katharina,Bryna,53,O-
Verla,Thunell,77,B+
Randa,Burnside,18,B+
Cathie,Kenney,38,AB+
Isa,Lorain,80,A-
Nonnah,Mott,73,AB+
Chandra,Olympium,63,AB-
Alex,Sparhawk,59,O-
Ekaterina,Tufts,34,A+
Grier,Dash,21,A+
Bernie,Jobi,74,A-
Karina,Grosz,32,B+
Tonia,Si,54,O+
Celene,Wesle,47,AB-
Glynnis,Karl,21,AB+
Hyacinthe,Karna,49,A-
Fayre,McClimans,66,B-
Lizzie,Rona,58,A+
Bettine,Grosz,22,AB-
Lily,Lanita,41,B-
Elena,Waldron,61,O-
Tobe,Alabaster,23,B+
Concettina,Ochs,23,B+
Emilia,Dannye,36,A+
Fidelia,Howlyn,38,O+
Tiffie,Sabella,67,AB+
Leia,Dermott,70,AB-
Theodora,Kosey,40,B-
Corly,Toffic,23,O-
Emma,Lucienne,76,O+
Hildegaard,Bearnard,39,O+
Ardys,Emanuel,64,B+
Carlie,Saint,72,O+
Kaja,Sundin,41,A+
Sophia,Greenwald,46,AB-
Gianina,Kaja,48,A-
Renie,Lorain,19,O+
Paulita,Saunderson,33,A+
Frank,Craggie,31,AB-
Julieta,Jagir,26,A-
Flo,Bouchard,71,AB+
Carol-Jean,Obed,65,B+
Raquela,Yerkovich,68,A+
Gianina,Isidore,27,O+
Dagmar,Anis,48,AB-
Leontine,Tryck,52,O-
Averyl,Jena,62,AB+
Gabi,Syd,76,A+
Wileen,Dannye,59,O+
Merry,Fancie,66,B-
Jenilee,Teddman,32,AB-
Leontine,Arquit,52,AB-
Donnie,Maryanne,76,A+
Paulita,Cottle,30,A-
Judy,Tacye,80,A+
Rori,Stevy,32,A+
Roz,Elsinore,47,O-
Lauryn,Peonir,54,B+
Cecile,Kunin,27,O+
Farrah,Shanley,40,AB+
Marjie,Glenden,28,O-
Angela,Terencio,38,AB-
Olivette,Hartnett,77,B-
Bill,Bertold,62,A-
Paulita,Constancy,37,AB-
Caryl,Moina,50,O-
Tonia,Gert,29,B+
Andeee,Melony,29,O-
Karina,Erb,20,B+
Lolita,Zenas,75,B+
Mildrid,Vanni,60,O+
Deloria,Maples,77,B-
Caryl,Eckblad,27,O-
Aryn,Maribeth,64,AB-
Britte,Gino,34,B-
Wendi,Cleavland,51,B-
Bee,Sabella,79,B+
Suzette,Frendel,62,AB-
Florie,Ellerey,73,O-
Kenna,Joni,38,A-
Susette,Wesle,21,B+
Aubrie,Flyn,32,AB+
Danika,Vanni,24,O-
Devina,Dorine,71,B+
Steffane,Hirsch,28,B-
Gisela,Eben,76,B+
Sidoney,Burnside,20,B+
Gretal,Irmine,35,AB+
Tilly,Elsinore,70,B+
Ernesta,Melony,71,O-
Tera,Adore,52,A-
Charlena,Lanita,40,B-
Roberta,Ardra,47,O+
Janey,Jagir,40,B+
Annice,Parette,41,O+
Emilia,Eldrid,39,AB-
Ronna,Gunn,57,A+
Gretal,Kravits,20,A+
Paule,Salvidor,49,A-
Cathyleen,Goerke,77,B+
Ekaterina,Dudley,66,A+
Hyacinthe,Hollingsworth,79,A-
Camile,Seagraves,76,B+
Farrah,Modie,49,B+
Evaleen,Ulphia,44,AB-
Desirae,Suanne,27,B-
Tera,Burkle,31,A+
Cyb,Hamil,37,AB+
Anica,Engdahl,56,AB-
Anallese,Candy,47,B+
Romona,Septima,27,A+
Nerta,Christine,52,A-
Ricky,Darian,45,A+
Karolina,Dosia,19,B-
Fanny,Lacombe,30,B+
Augustine,Flita,57,A+
Monika,Regan,58,B+
Regina,Nisbet,74,A+
Asia,Georgy,75,B+
Monika,Maples,33,A+
Barbara,Darian,27,AB+
Catrina,Cosenza,46,B+
Kaia,Kazimir,44,AB-
Tabbatha,Weide,31,AB+
Pollyanna,Helfand,60,O+
Berta,Tarrant,30,B+
Pearline,Anestassia,58,A+
Ingrid,Rubie,70,AB+
Dagmar,Flyn,41,A+
Melanie,Grosz,49,A-
Tomasina,Rhu,51,B-
Basia,Iiette,29,AB-
Courtnay,Wildermuth,44,A-
Belinda,Parsaye,53,AB+
Marguerite,Teryn,55,A+
Minda,Kress,19,A+
Kayla,Federica,30,AB-
Annora,Seagraves,50,AB-
Modestia,Pettiford,21,AB-
Tracey,Manolo,56,AB-
Phedra,Ferrell,31,B+
Roz,Iaverne,52,AB+
Vere,Shanley,66,A-
Lory,Germann,47,AB-
Iseabal,Pip,75,AB-
Kristina,Ventre,28,B+
Valeda,Bergman,52,B+
Jacenta,Bohlin,47,AB+
Aeriela,Garbe,48,A-
Maisey,Lemuela,74,AB+
Kellen,Alejoa,28,O+
Angela,Philipp,70,A-
Almeta,Oneida,72,O+
Elie,Bultman,23,A-
Lonnie,Friede,52,A+
Carilyn,Tamar,62,B+
Bill,Madelene,69,O+
Kylynn,Karna,36,O-
Ruthe,Jena,30,A-
Paule,Alva,65,AB+
Fanchon,Adamsen,34,O+
Lita,Faust,39,A-
Roz,Etom,50,A+
Susan,Rheingold,25,AB-
Camile,Brandice,49,B+
Susette,Weinreb,25,A-
Johna,Kimmie,37,O-
Corina,Ader,54,O+
Kirstin,Kaete,40,AB-
Marika,Kendrick,43,AB+
Jinny,Marijo,44,B+
Mallory,Ranjiv,21,A-
Stephanie,Gahl,33,A+
Talya,Raychel,51,AB-
Gisela,Wu,26,O+
Veda,Kalinda,57,A-
Karena,Goth,51,A-
Queenie,Lorenz,65,A-
Heida,Delacourt,36,B-
Delilah,Wu,62,B-
Sara-Ann,Eckblad,54,AB-
Darlleen,Wallis,43,B+
Sean,Francyne,71,AB-
Merrie,Chaing,48,AB-
Yolane,Gaal,49,A+
Atlanta,Gerge,55,O-
Vita,Alabaster,77,B-
Lilith,Chandler,75,B+
Ileana,Argus,23,B-
Jorry,Danby,38,AB+
Lynde,Elisha,29,AB+
Abbie,Sperling,39,O-
Lynnea,Rona,51,B-
Tamqrah,Taam,34,B-
Aaren,Warthman,34,AB-
Feliza,Rona,78,A-
Jessy,Stoller,64,A+
Wileen,Argus,28,B-
Cindelyn,Pernick,67,A+
Ulrike,Cimbura,53,O+
Cindelyn,Stav,43,AB-
Chastity,Zenas,21,O-
Angela,Blake,73,B+
Kate,Maribeth,59,O+
Arlina,Joseph,41,A-
Johna,Amethist,24,AB-
Roberta,Ball,21,AB-
Deloria,Yam,45,B+
Bee,Paton,32,B-
Marjie,Delacourt,69,AB+
Mureil,Arquit,55,B+
Imojean,Cottle,58,O-
Janis,Seumas,43,AB-
Heida,Jotham,45,B-
Gertrud,Audly,29,AB+
Tilly,Clarissa,52,B-
Barbi,Woodberry,40,AB-
Mariann,Izaak,59,B+
Ericka,Belldas,25,O+
Nataline,Hoban,45,B-
Tersina,Chaing,64,B+
Jackie,Markman,74,AB+
Chickie,Seligman,54,O-
Audrie,Ledah,69,B+
Janenna,Knowling,26,A-
Lynea,Cressida,40,AB-
Marylou,Moseley,63,O-
Valeda,Docilla,79,O-
Nyssa,Wenda,32,B+
Karolina,Francene,60,A+
Ashlee,Hunfredo,70,B-
Glynnis,Jehu,54,O-
Basia,Bergman,42,B+
Leontine,Persse,53,A+
Genevra,Killigrew,21,A-
Brietta,Juan,30,AB+
Christy,Shelba,66,O+
Celene,Earlie,64,O+
Bernardine,Mandler,47,O+
Drucie,Deegan,41,O-
Fredericka,Solitta,30,O-
Caressa,Infield,24,B-
Lucille,Annabella,32,O+
Addia,Dreda,42,B+
Violet,Harl,74,A-
Rhoda,Bonilla,48,A-
Philis,Schenck,19,A-
Stephanie,Simmonds,32,AB-
Cam,Berard,69,O-
Gerrie,Mathilde,22,B-
Codie,Stefa,33,AB-
Adelle,Etom,54,O-
Kylynn,Ietta,51,O+
Elmira,Markman,48,B+
Mildrid,Brackely,24,AB+
Inga,Etom,28,O+
Adriana,Codding,59,B+
Chere,Engdahl,38,B-
Gerrie,Janene,79,AB+
Alyssa,Laurianne,79,A+
Cacilie,Azeria,35,A-
Ana,Kaja,38,AB+
Roberta,Odell,24,A-
Kylynn,Reneta,69,O-
Jacquetta,Dermott,47,B-
Flory,Hailee,19,B+
Dagmar,Lubin,69,O+
Lucy,Rudolph,49,A+
Winifred,Zaslow,34,B-
Margarette,Brandice,29,A-
Phylis,Gabrielli,72,B+
Nariko,Leopold,29,AB-
Ilse,Stanwood,38,O-
Merry,Bobbee,77,A-
Krystle,Taima,61,B-
Willetta,Adamsen,38,B+
Riannon,Earlie,60,O+
Deedee,Sekofski,50,O-
Estell,Smitt,66,B-
Cacilie,Paine,23,A+
Nollie,Hailee,51,AB-
Adore,Viddah,63,AB-
Beverley,Gamaliel,50,A-
Daphne,Ricarda,38,A+
Collen,Peonir,50,B+
Yolane,Lorain,62,O-
Penelopa,Noelyn,19,A-
Gabi,Laurianne,25,A+
Trudie,Thad,41,A+
Leontine,Leary,80,O-
Bertine,Fairweather,26,O-
Hettie,Schwejda,20,AB+
Darci,Thomasina,54,A+
Lonnie,Bennie,48,O+
Gwenneth,Nelsen,49,O+
Claudina,Taam,41,AB-
Felice,Larochelle,27,O-
Nelle,Schenck,59,O-
Glynnis,Richers,47,B-
Nannie,Magnolia,54,O+
Frieda,Keily,41,AB-
Marsiella,Lauraine,19,O-
Stacey,Lasley,37,O-
Deirdre,Dorothy,18,AB+
Marita,Marisa,63,AB-
Maye,Olin,50,A-
Donnie,Eno,38,A-
Marinna,Vernier,26,O-
Ivett,Emanuel,19,AB-
Basia,Nahum,73,B-
Lauryn,Manolo,66,B-
Shandie,Nunci,68,A+
Katuscha,Milson,38,B+
Kerrin,Zenas,57,AB-
Raquela,Ardeha,51,O-
Ursulina,Maurine,56,A-
Daryl,Bord,80,O+
Christy,Tufts,28,A+
Imojean,Thar,24,B-
Minne,Hewitt,47,A+
Kenna,Chinua,74,A+
Hannis,Isacco,36,B+
Rosaline,Angelis,36,B-
Latisha,Uird,31,O-
Betta,Orelee,54,A+
Gilligan,Corilla,52,B-
Wynne,Marijo,28,O-
Rhoda,McLaughlin,50,AB-
Sybille,Cynar,65,O-
Dennie,Jacinda,70,O-
Angelique,Lauraine,47,O-
Myriam,Francyne,29,AB-
Dagmar,Drus,51,A-
Georgetta,Erminia,68,AB-
Amelia,Himelman,30,O-
Ileana,Eben,69,AB-
Stacey,Marden,41,A-
Annabela,Nunci,63,A+
Anthia,Xerxes,33,A-
Marnia,Johanna,69,A+
Daune,Norrie,38,O+
Lorie,Erminia,45,B-
Tybie,Uund,52,O+
Leeanne,Darbie,75,A+
Micheline,Torray,40,O-
Dulcinea,Mallon,30,B-
Raina,Arne,54,A-
Albertina,Afton,52,AB+
Janeczka,Hathaway,46,B-
Reeba,Bakerman,76,O+
Jemie,Brandice,45,A+
Gwyneth,Corabella,39,O+
Tamqrah,Gaspard,34,B-
Aryn,Maurine,20,O-
Fanchon,Cath,26,AB-
Dode,Chick,60,AB-
Kaia,Israeli,48,AB+
Olivette,Raama,40,O+
Sheree,Euridice,29,B+
Claudina,Jess,35,AB-
Lusa,Sisile,72,B+
Dyann,Schenck,74,AB-
Mahalia,Old,75,AB-
Lynnea,Lumbard,31,O-
Emma,Diogenes,36,AB-
Mady,Taam,43,AB-
Deedee,Audly,32,O+
Valera,Croix,22,O+
Daryl,Couture,59,A-
Josephine,Lissi,66,A-
Modestia,Yorick,32,B-
Clo,Janene,75,AB+
Zia,Amadas,56,AB-
Alexine,Dom,37,O+
Celisse,Schlosser,28,A-
Sabina,Hieronymus,49,O-
Marinna,Carmena,46,AB-
Sarette,Silvan,46,A-
Ermengarde,Bebe,60,O+
Tatiania,Erskine,18,O-
Alyssa,Pattin,76,O-
Carolina,Means,38,O+
Gusty,Vivle,26,B-
Selma,Silvan,54,B-
Ann-Marie,Lipson,21,AB-
Courtnay,Grayce,66,A+
Maye,Mozelle,60,AB+
Eve,Joachim,80,O+
Shaine,Autrey,41,B+
Nita,Luhe,54,B+
Cristine,Slifka,67,B-
Tami,Swigart,45,O+
Merle,Marsden,37,AB+
Tierney,Arley,22,O+
Flo,Nore,41,AB+
Willetta,Ambrosia,65,B-
Elsie,Leary,66,O-
Louella,Fillbert,57,O-
Arabel,Gavrila,40,O-
Viki,Berriman,68,A-
Vinita,Olnee,38,B-
Georgina,Mike,68,A+
Lorie,Pillsbury,34,O-
Kalina,Loring,71,A+
Christian,Kamaria,38,A-
Arlena,Annabella,22,AB+
Ebonee,Pyle,29,A+
Vere,Nerita,66,B-
Fayre,Heisel,28,O-
Selia,Bertold,43,A-
Elbertina,Sigfrid,39,O-
Ebonee,Joli,63,O-
Celisse,Tatianas,33,O-
Lusa,Urias,75,AB+
Paola,Joachim,26,AB+
Jacenta,Cath,74,O-
Ethel,Rese,50,O+
Georgina,Pelagias,52,O-
Winny,Wyn,52,A+
Marika,Fredi,69,O+
Daryl,Kiersten,49,O-
Maurene,Bord,55,AB+
Anthia,Fleeta,78,AB-
Doro,Vharat,24,O-
Allis,Liva,42,O+
Nananne,Junie,73,AB-
Elie,Aaberg,33,O+
Mamie,Pacorro,50,A+
Mildrid,Lalitta,55,A-
Claudina,Truc,43,O-
Teriann,Caitlin,23,A-
Melanie,Gillan,79,AB-
Shaine,Natalia,49,O-
Alameda,Ovid,26,B-
Vere,Estella,67,A-
Nannie,Dash,67,B+
Sara-Ann,Durware,79,O+
Pamella,Martsen,59,AB-
Tani,Jena,28,A-
Josephine,Hachmin,71,B+
Brena,Anderea,28,B+
Elise,Read,46,AB+
Mallory,Ortrude,32,O+
Ashlee,Clie,53,AB+
Caressa,Roche,54,B+
Bobbi,Lewes,36,O+
Corry,Clywd,27,B+
Dione,Neils,45,A-
Carilyn,Poppy,43,AB-
Katleen,Linehan,50,A+
Lonnie,Suk,45,A+
Hannis,Henebry,69,A+
Janis,Sibyls,71,O-
Roberta,Ashely,24,O+
Nyssa,Amand,27,AB+
Harmonia,Bandeen,58,B+
Laure,Jacobah,26,B-
Lynea,Wiener,21,O-
Daphne,Peg,60,B+
Edyth,Earlie,44,A+
Barbara,Shaddock,34,A+
Bee,Khorma,62,A+
Dorice,Mayeda,55,A+
Cristine,Alarise,38,AB-
Correy,Jehu,18,B-
Maurene,Docilla,52,B+
Karly,Nicoline,37,O-
Merle,Lattie,59,O-
Ann-Marie,Halla,34,AB-
Darlleen,Wilona,47,A-
Courtnay,Lia,64,B+
Ann-Marie,Luhe,39,O-
Loree,Goddard,63,B-
Josephine,Elisha,54,B-
Goldie,Esmaria,77,B+
Ulrike,Dannye,48,O+
Eve,Septima,18,B-
Yolane,Reneta,51,B-
Hayley,Cressida,23,B+
Melina,Nunci,68,B+
Consuela,Sinegold,74,A+
Lolita,O'Rourke,42,B-
Johna,Nerita,69,A+
Gertrud,Urias,60,B-
Averyl,Nisbet,52,B-
Marcelline,Terencio,73,B+
Willetta,Ludewig,47,AB-
Ericka,Sherfield,33,AB+
Monika,Raama,28,A+
Damaris,Fry,45,O+
Orelia,Earlie,22,AB+
Yvonne,Goerke,74,AB-
Nanete,Abbot,29,AB+
Feliza,Ailyn,41,B-
Atlanta,Ivens,78,B+
Lizzie,Margarete,41,B-
Nadine,Jary,77,A-
Ginnie,Engdahl,76,AB+
Kaja,Woodberry,69,B+
Margalo,Keily,24,O+
Christian,Emmy,41,B-
Nelle,Dex,20,B-
Beth,Hurley,62,AB+
Teriann,Pearse,74,B-
Kerrin,Helfand,31,B+
Bobinette,Thornburg,67,O-
Ruthe,Gualtiero,75,AB-
Edith,Cookie,49,AB-
Gilligan,Wareing,59,AB-
Brana,Nedrud,75,AB+
Genovera,Macey,62,A-
Laure,Brotherson,54,B-
Eadie,Goldina,30,A+
Gertrud,Leifeste,32,AB+
Karolina,Granoff,61,AB-
Anallese,Ummersen,25,B+
Ezmeralda,Suk,24,O+
Gabriellia,Tiffa,73,A+
Lila,Leifeste,37,AB-
Brena,Eckblad,78,O-
Dorthy,Gilmour,54,AB-
Evaleen,Brodench,51,AB-
Calla,Ries,71,AB-
Elsie,Raimondo,46,AB+
Daune,Bonucci,52,O-
Hollie,Berriman,21,A-
Ann-Marie,Noman,62,B-
Marylou,Merat,23,A-
Rosaline,Zaslow,34,O-
Clementine,Susannah,49,AB+
Fayre,Lamoree,39,A+
Felice,Belanger,78,O+
Heddie,Bakerman,33,AB-
Bill,Daveta,35,A-
Anthia,Anis,37,B-
Dominga,Linskey,38,AB+
Roxane,Philipp,37,B-
Konstance,Chinua,19,B+
Audrie,My,51,B+
Stacey,O'Carroll,49,O-
Mara,Loeb,55,AB+
Zondra,McClimans,75,O-
Roberta,Belldas,30,AB+
Annice,Hourigan,63,A+
Frances,Wesle,65,O-
Violet,Maribeth,31,AB+
Fernande,Maisey,46,AB-
Andeee,Weide,25,A-
Aaren,Chem,71,O-
Wilma,Pond,31,A+
Dorene,Garrison,50,B-
Fawne,Bigner,41,AB+
Jsandye,Hylan,61,A-
Daphne,Center,34,A-
Eve,An,54,A+
Tracey,Bearnard,61,O+
Ida,Odysseus,59,AB+
Carree,Avi,59,AB+
Marika,Ferrell,65,A+
Demetris,Lorain,38,AB+
Ana,Hazlett,71,B+
Christy,Uund,42,O+
Berta,Ax,47,B+
Gusty,Egbert,61,B+
Reeba,Jethro,51,O+
Roberta,Helfand,23,AB-
Regina,Shirberg,59,A-
Alisha,MacIntosh,33,AB-
Lila,August,32,O-
Hope,Charmine,55,B+
Berta,Goldina,47,A+
Leona,Deny,33,O-
Cherrita,Felizio,60,AB+
Tybie,Land,39,A+
Katleen,Belldas,30,O+
Elvira,August,47,A-
Phylis,Norvol,39,O-
Pearline,Carri,50,AB-
Edyth,Kenwood,77,B-
Harrietta,Haldas,36,AB+
Verla,Raffo,64,A-
Deedee,Jalbert,24,B-
Sam,Leler,26,O+
Pamella,Malvino,21,A-
Tracey,Mike,36,AB-
Florie,Donell,34,B-
Shaylyn,Dielu,51,B+
Olwen,Poll,78,B-
Kamilah,Wallis,35,AB+
Belva,Norvol,64,A-
Alexine,Kellby,51,AB+
Kirbee,Borrell,38,A+
Phylis,Jehu,71,B+
Layla,Dimitris,70,AB+
Mara,Gillan,69,B-
Demetris,Knowling,27,AB+
Ingrid,Sikorski,77,AB+
Elise,Natalia,72,AB-
Gabi,Engdahl,32,A-
Jacenta,Aida,72,AB-
Halette,Olympium,27,A+
Nicoli,Bryna,36,B+
Donnie,Stoller,72,AB-
Alejandra,Tarrant,52,AB+
Dulce,Virgin,54,O+
Diena,Bollay,68,B-
Sonni,Melony,28,O+
Marika,Artie,34,A-
Monika,Pauly,50,B+
Candi,Iphlgenia,36,A-
Rhoda,Kauppi,19,B+
Consuela,Zola,38,O+
Dione,Zola,29,B-
Sheelagh,Ramona,63,O+
Dorene,Viddah,29,AB+
Ayn,Mendez,23,O+
Pearline,Naor,47,O-
Fina,Goldina,36,O+
Bertine,Harday,21,O+
Carree,Schalles,21,A+
Karina,Codding,20,O+
Celisse,Heidt,20,AB+
Candi,Craggie,69,AB+
Viki,Montgomery,64,B-
Gwenneth,Blake,31,O+
Maud,Gladstone,28,B-
Peri,Jacobah,60,O+
Barbi,Dichy,52,O+
Adelle,Rosalba,63,A+
Christian,Flita,70,AB-
Consuela,Regan,23,O-
Kate,Bearnard,49,B+
Rhea,Zaslow,18,A+
Zondra,Ferino,61,B+
Alyda,Dermott,41,AB-
Max,Kinnard,71,O+
Brianna,Uund,34,A-
Ardeen,Quent,50,B-
Catrina,Turne,76,A+
Shirlee,Adalbert,21,B-
Jillayne,Adlare,25,AB+
Cecile,Raul,23,B+
Kassey,Nunci,20,B+
Carmencita,Paton,38,B+
Ariela,Jefferey,52,AB-
Lucille,Bord,65,A+
Emelina,Hourigan,36,A+
Benita,Ax,62,A-
Jackie,Kress,78,AB-
Tobe,Elo,30,AB-
Lusa,Behre,71,AB-
Roslyn,Tybald,35,AB+
Tarra,Hull,35,A+
Amelia,Raul,72,B-
Kristina,Alwin,42,O-
Daune,Barrus,59,AB-
Selma,Nahum,49,AB+
Mariele,Salvidor,68,AB-
Catrina,Caitlin,66,A+
Darlleen,Mintz,44,B-
Thalia,Daveta,55,B+
Fredericka,Avi,71,B-
Adelle,Quent,73,O+
Reeba,Rona,42,O+
Joeann,Norrie,52,B+
Valeda,Bartlett,42,B-
Berget,Jary,80,AB-
Gretal,Tremayne,38,A+
Alleen,Kylander,22,B+
Brianna,Ulphia,45,O+
Nananne,Boehike,47,A+
Anthia,Atonsah,72,AB+
Clarice,Kress,43,AB-
Philis,Bethany,59,AB-
Iseabal,Lucienne,68,AB-
Rhea,Morehouse,71,A+
Sue,Ammann,76,A-
Louella,Wadell,78,AB-
Marita,Lucienne,34,A-
Vere,Girardo,44,B-
Elfreda,Mehalek,49,A+
Jasmina,Clie,73,A-
Ottilie,Skell,66,O-
Gwenneth,Harday,18,O-
Cordi,Dyche,66,AB-
Corry,Afton,27,AB-
Agathe,Thilda,44,AB+
Beatriz,Gamaliel,28,O-
Teriann,Aprile,78,B-
Drucie,Tjon,69,B-
Ayn,Bearnard,43,AB+
Lusa,Aprile,60,B+
Jeanna,Vins,32,AB-
Sam,Weaks,53,B+
Johna,Claudine,21,O+
Jean,Ellord,59,O-
Celene,Romelda,46,O-
Calla,Daegal,41,AB-
Winifred,Raul,40,O-
Agathe,Larochelle,23,AB-
Cherilyn,Haymes,79,O+
Paola,Judye,66,A-
Kamilah,Willie,73,A-
Therine,Paton,38,A-
Lesly,Amand,46,AB+
Kristan,Breed,41,A+
Aeriela,Oster,56,A-
Heida,Uird,29,AB+
Konstance,Tatianas,55,O-
Millie,Buffum,79,O+
Christal,August,72,O-
Rubie,Ashok,18,O+
Fina,Maroney,27,A-
Hettie,Tice,63,A+
Kaia,Halsey,68,B+
Jordan,Maurine,43,AB+
Tori,Delila,27,A-
Lynnea,Drisko,37,O-
Marcy,Buttaro,36,A-
Elie,Matthew,37,B-
Trixi,Ferino,64,O+
Glenda,Annice,69,B+
Suzette,Teryn,46,AB+
Hermione,Markman,31,B-
Marsiella,Tufts,43,AB-
Maridel,Deny,47,A+
Nanete,Cressida,51,AB+
Sam,Modie,67,A+
Elena,Bartlett,28,AB+
Winifred,Suzetta,54,AB+
Dania,Kermit,51,O+
Nadine,Tatianas,62,AB+
Kristan,Lia,68,AB+
Briney,Lubin,70,O-
Vevay,Engdahl,54,O+
Joelly,Nickola,31,O+
Cathie,Lesley,74,B-
Karlee,Gaynor,31,O+
Sandie,Casimir,21,A+
Alie,Cutlerr,30,AB+
Flo,Adlare,21,AB+
Agathe,Telfer,28,O+
Jennica,Kaete,73,A+
Basia,Devlen,54,B+
Raina,Carmena,43,O-
Neila,Fry,72,O+
Merry,Carey,46,A+
Feliza,Richers,72,B+
Jenda,Fiann,41,AB+
Ruthe,Cohdwell,50,AB-
Raina,Joli,60,B+
Ada,Anderea,64,A+
Elise,Mintz,33,AB-
Rubie,Llovera,76,AB+
Zia,Herrera,72,A+
Kore,Levey,27,B-
Ivett,Weitman,63,AB+
Beverley,Riordan,56,B+
Marleah,Weitman,40,O-
Rosabelle,Goddard,56,AB+
Nikki,Atonsah,34,B-
Maye,Daegal,29,AB+
Judy,Toni,55,AB+
Kayla,Halla,74,O+
Darci,Tristram,56,AB-
Jan,Kathie,26,A-
Hallie,Roarke,25,B-
Marti,Erskine,48,O-
Netty,Myrilla,28,AB+
Elyssa,Freddi,68,B-
Constance,Clywd,63,A+
Addia,Cadmar,58,B-
Konstance,Tarrant,30,B-
Fred,An,76,B+
Bobbi,Ioab,18,O-
Konstance,Olnee,24,AB-
Petronia,Sundin,45,B+
Tarra,Rosalba,65,O-
Nariko,Chinua,24,AB+
Vevay,Codding,47,B+
Wendi,Erlandson,59,O-
Benita,Rosalba,35,O-
Robinia,Burkle,77,A-
Trixi,Bonilla,54,O-
Demetris,Bollay,24,A+
Chrystel,Hieronymus,42,O-
Stephanie,Phyllis,38,B+
Vivia,Heisel,58,B-
Lorne,Delacourt,45,O-
Tobe,Juan,63,AB+
Ada,Stoller,72,A+
Elbertina,Dudley,55,O+
Charissa,Dash,37,O+
Judy,Gemini,44,AB+
Cristine,Rese,60,B-
Jobi,Maurine,42,AB-
Cyndie,Rebecka,71,AB+
Clarice,August,54,A+
Barbi,Bouchard,18,A-
Britni,Old,73,B-
Claudina,Rurik,59,B+
Michaelina,Ulphia,28,B-
Lanae,Mehalek,59,AB+
Felice,O'Carroll,64,A+
Elfreda,Saint,27,O-
Tybie,Lorenz,26,B-
Feliza,Aloise,39,A-
Berget,Saunderson,71,AB+
Kaja,Concha,40,A+
Jobi,An,62,B-
Mireielle,Karl,66,AB-
Sheelagh,Valerio,23,O+
Maud,Felecia,34,A-
Winifred,Germann,41,AB-
Jennica,Selway,22,B-
Sidoney,Salchunas,55,AB+
Janey,Dom,36,AB-
Andeee,Euridice,65,AB-
Rochette,Loeb,23,A-
Marika,Riordan,24,O-
Fina,Travax,61,A+
Sallie,Seligman,38,O+
Tera,Blase,77,B-
Miquela,Hewitt,64,O+
Maud,Gordon,20,B+
Kylynn,Poppy,64,AB-
Helsa,Berl,28,B-
Tina,Edee,48,AB-
Olivette,Bonilla,35,A-
Nessie,Egbert,49,A+
Arlina,Diogenes,57,B+
Allis,Helfand,40,B-
Althea,Narton,67,B-
Sallie,Sacken,38,A-
Monika,Moina,64,B-
Dagmar,Libna,28,A+
Brana,Marsden,44,A-
Bobbi,Bennie,42,O+
Basia,Margret,39,B-
Mallory,Hashim,72,B+
Chloris,Truc,34,A+
Melanie,Xerxes,75,B-
Dennie,Robertson,48,B-
Joane,Kosey,21,A+
Concettina,Rooney,71,B+
Viki,Lynn,46,O-
Raquela,Standing,62,A-
Lucille,Saunderson,54,O-
Gerianna,Stoller,18,A-
Theodora,Terencio,30,AB+
Jany,Kravits,39,B+
Ira,Pernick,69,B+
Dania,Oneida,29,B-
Karina,Daegal,43,O+
Selia,Baptlsta,25,A-
Judy,Joseph,23,A+
Elora,Raul,25,A-
Elka,Ethban,60,B-
Mamie,Fillbert,45,AB-
Maisey,Magdalen,58,A-
Mamie,Lanita,41,B+
Sue,Hull,23,A+
Sarette,Nester,27,A-
Lyssa,Riva,46,B+
Hildegaard,Parette,39,B-
Liana,Tomasina,37,B+
Aurore,Leary,54,B-
Kimberley,Anestassia,67,AB+
Demetris,Serilda,55,AB-
Ardenia,Etom,34,B+
Tressa,Doig,63,O-
Blondelle,Stover,75,A+
Shauna,Shields,37,B+
Belinda,Velick,49,B+
Angela,Francene,27,O-
Charissa,Colleen,53,AB-
Flory,Grayce,75,B-
Netty,Pattin,46,A+
Elbertina,Syd,74,O-
Christy,Sundin,36,A+
Kayla,Wu,36,O+
Hermione,Docilla,47,AB-
Vevay,Cloris,71,A-
Claresta,Odell,67,B+
Letizia,Toni,76,B-
Joelly,Morehouse,64,O+
Dyann,Wilkinson,18,AB-
Sybille,Aloise,53,A+
Coral,Tryck,25,A-
Leia,Aldric,24,B+
Lonnie,Wareing,18,A+
Nita,Nance,40,O+
Sharai,Jess,51,A+
Desirae,Wandie,51,B+
Sandie,Decato,31,AB+
Karly,Linehan,56,B+
Drucie,Plato,40,AB-
Jan,Center,53,B-
Donetta,Carleen,42,AB+
Amii,Kevon,20,AB-
Joleen,Gemini,44,A+
Marcy,Friede,27,A-
Rivalee,Flyn,64,AB+
Janis,Gibbeon,75,O-
Oona,Valerio,24,O+
Blake,Minetta,35,AB+
Myriam,Hillel,40,AB+
Tarra,Reidar,49,A+
Ronna,Koehler,51,A-
Ginnie,Mandler,32,B-
Lelah,Tillford,73,AB+
Rori,Rogerio,78,B+
Heddie,Zola,24,O-
Regina,Evvie,73,A-
Tera,Loeb,59,O-
Sindee,Louanna,20,B-
Carilyn,Eno,35,B-
Angelique,Robertson,32,A+
Allis,Glenden,23,B+
Modestia,Corabella,49,AB-
Theodora,Marlie,73,AB+
Kara-Lynn,Loring,34,B-
Katleen,Helfand,33,A-
Edith,Raffo,78,B+
Nessie,Dunkin,24,B+
Alisha,Nelsen,23,O+
Susan,Lynn,60,AB-
Doro,Herrera,27,B-
Arlina,Sundin,20,B-
Asia,Docilla,35,O-
Glenda,Arne,44,AB+
Mignon,Randene,20,A-
Lelah,Stav,28,O-
Pamella,Carvey,52,B+
Chloris,Kunin,65,O-
Rhoda,Roche,67,O+
Augustine,Wu,21,AB+
Consuela,Pulsifer,67,A+
Emilia,Hanshaw,61,O+
Marika,McNully,73,O-
Lanna,Marden,39,AB-
Annora,Sheedy,45,A+
Devina,Colp,69,A-
Almeta,Darrell,66,A+
Max,Alisia,19,O-
Carilyn,Gaulin,39,AB+
Leia,McLaughlin,20,O-
Melanie,Jena,41,B-
Ulrike,Kussell,46,A+
Carmela,McGrody,23,A-
Sonni,Reneta,32,A+
Meg,Afton,50,O-
Rhoda,Land,40,B+
Katleen,Cottle,58,AB+
Stacey,Fancie,40,O+
Aigneis,Ioab,51,B-
Audrie,Tatianas,21,A+
Arlena,Hoban,70,AB-
Rayna,Ventre,80,B+
Phylis,Chick,72,O-
Althea,Flyn,37,AB-
Siana,Raimondo,63,A+
Odessa,Brackely,33,O+
Gratia,Gaynor,77,A-
Lisette,Letsou,51,A+
Bobinette,Chapland,53,O-
Johna,Center,46,O+
Lolita,Tybald,64,A-
Lauryn,Weitman,51,B+
Benita,Percy,40,B-
Queenie,Anderea,69,O-
Harrietta,Mata,31,O+
Tierney,Prober,49,B+
Tomasina,Hashim,69,O+
Laurene,Bergman,61,B+
Britni,Evvie,35,B-
Edee,Jerold,58,B-
Edyth,Drus,40,A+
Sadie,Seligman,48,A+
Addia,Cloris,29,B+
Dorene,Merna,39,A+
Rori,Loeb,63,O-
Mariele,Elvyn,77,A+
Audrie,Tippets,51,B+
Lacie,Secrest,56,AB+
Valli,Harl,44,AB-
Aigneis,Bluh,62,A-
Elmira,Celestine,36,AB-
Helena,Oster,58,A-